{
  "summary": {
    "total_documents": 15,
    "total_projects": 5
  },
  "paragraph_styles": {
    "Normal": {
      "count": 179,
      "percentage": 40.134529147982065
    },
    "Heading 1": {
      "count": 134,
      "percentage": 30.04484304932735
    },
    "AX Script Text": {
      "count": 111,
      "percentage": 24.887892376681613
    },
    "AX Subhead": {
      "count": 22,
      "percentage": 4.932735426008969
    }
  },
  "table_patterns": {
    "11x2": 133,
    "10x4": 32,
    "14x3": 28,
    "16x3": 26,
    "12x4": 16,
    "15x4": 15,
    "16x4": 14,
    "8x4": 14,
    "19x2": 6,
    "5x2": 6,
    "9x4": 6,
    "12x2": 5,
    "20x2": 5,
    "15x3": 4,
    "10x3": 4,
    "17x4": 4,
    "2x2": 4,
    "11x4": 4,
    "14x4": 4,
    "17x3": 4,
    "9x2": 3,
    "18x4": 3,
    "24x2": 2,
    "38x2": 2,
    "23x2": 2,
    "26x2": 2,
    "22x2": 2,
    "1x2": 2,
    "17x2": 2,
    "15x2": 2,
    "18x3": 2,
    "33x2": 1,
    "8x3": 1,
    "21x2": 1,
    "14x2": 1,
    "16x2": 1,
    "18x2": 1
  },
  "document_structures": [],
  "common_patterns": {}
}